{
  "eps_thr": 1.6515514575930095,
  "or_false_alarm": 0.049833333333333334,
  "missed_catastrophe": {
    "clean": {
      "n_cata": 300,
      "u_z": 0.7266666666666667,
      "d_z": 0.95,
      "c_z": 0.11333333333333329,
      "PORTFOLIO": 0.5666666666666667
    },
    "extrapolation": {
      "n_cata": 2852,
      "u_z": 0.23807854137447404,
      "d_z": 0.43513323983169705,
      "c_z": 0.07643758765778397,
      "PORTFOLIO": 0.1307854137447405
    },
    "physics_shift": {
      "n_cata": 299,
      "u_z": 0.7290969899665551,
      "d_z": 0.9531772575250836,
      "c_z": 0.1605351170568562,
      "PORTFOLIO": 0.5752508361204014
    },
    "id_holdout": {
      "n_cata": 293,
      "u_z": 0.8191126279863481,
      "d_z": 0.9010238907849829,
      "c_z": 0.11604095563139927,
      "PORTFOLIO": 0.5563139931740615
    }
  },
  "detect_auroc": {
    "extrapolation": {
      "u_z": 0.92783325,
      "d_z": 0.8065863333333333,
      "c_z": 0.8599450833333333
    },
    "physics_shift": {
      "u_z": 0.5,
      "d_z": 0.5,
      "c_z": 0.5052770833333333
    }
  },
  "gate_a": {
    "floor": 0.6,
    "target": "qdd_window = (qd_{t+S*dt} - qd_t)/(S*dt)",
    "clean": 0.39362618408079536,
    "physics_shift": 0.4218574804153688,
    "pooled": 0.4080135324917679,
    "PASS": false
  },
  "gate_b": {
    "auroc_dz": 0.5,
    "auroc_uz": 0.5,
    "band": [
      0.45,
      0.55
    ],
    "max_abs_delta_dz": 0.0,
    "max_abs_delta_uz": 0.0,
    "PASS": true
  },
  "accel_recoverability": {
    "recover_floor": 0.6,
    "S_dt": 0.08,
    "qdd_window": {
      "obs_next+a": 0.39362618408079536,
      "z_next+a": 0.5297220019450517,
      "obs_next": 0.3695856633063417,
      "z_next": 0.442217806006025
    },
    "qdd_instant_diagnostic": {
      "obs_next+a": 0.31767302917798124,
      "z_next+a": 0.3831016104494877
    },
    "qdd_pose_curv_diagnostic": {
      "obs_next+a": 0.4556514688241194,
      "z_next+a": 0.523554275328153
    },
    "gate_a_per_regime": {
      "clean": 0.39362618408079536,
      "physics_shift": 0.4218574804153688,
      "pooled": 0.4080135324917679
    }
  },
  "ae_capacity": {
    "target": "qdd_window",
    "pca_components": 12,
    "capacity_matched_obs_next+a": {
      "mean": 0.3363656035020289,
      "std": 0.0160865193907041,
      "per_seed": [
        0.3187164810834004,
        0.35762179845556386,
        0.3327585309671224
      ]
    },
    "z_next+a": {
      "mean": 0.5197183977763575,
      "std": 0.007882790823082651,
      "per_seed": [
        0.5297220019450517,
        0.5189772898218181,
        0.5104559015622028
      ]
    },
    "raw_obs_next+a_diagnostic": 0.39362618408079536,
    "margin": 0.125,
    "probe_noise_floor": 0.023969310213786753,
    "gap": -0.18335279427432866,
    "consequence_reached_latent": true
  },
  "linear_probe_r2": {
    "per_target_q1_q2_qd1_qd2": [
      0.6665953644798023,
      0.05125312541498106,
      0.22645378834342578,
      0.06617160681420786
    ],
    "mean": 0.2526184712631042,
    "band": [
      0.3,
      0.9
    ],
    "role": "laundering ceiling: R2>0.9 => latent recovered privileged state"
  },
  "nonlinear_probe_r2": {
    "per_target_q1_q2_qd1_qd2": [
      0.7329690679102001,
      0.2879135316639747,
      0.7322614649985439,
      0.41007771637863055
    ],
    "mean": 0.5408054452378374,
    "role": "vacuity floor: low even here => latent truly discarded state"
  },
  "spearman": {
    "c_z_vs_r": -0.18470050403395938,
    "c_z_vs_d_z": 0.23820477197052645,
    "rho_max_for_orthogonal": 0.8
  },
  "recon_gate": {
    "ae_recon_clean": 0.004452940216631306,
    "mean_frame_baseline": 0.01757588054937536,
    "beat_factor_required": 1.5,
    "beats_baseline": true,
    "recon_physics_shift": 0.004409587155402109,
    "shift_ratio": 0.9902641715113215,
    "shift_ratio_max": 1.5,
    "shift_comparable": true,
    "per_regime": {
      "clean": 0.004452940216631306,
      "extrapolation": 0.008974094816402562,
      "physics_shift": 0.004409587155402109,
      "id_holdout": 0.004372105703325447
    },
    "PASS": true
  },
  "training_failed": {
    "ae": false,
    "ensemble": false
  },
  "verdict": {
    "label": "VOID-FIDELITY",
    "interpret_table": false,
    "reasons": [
      "GATE A failed on WINDOW-scale q-double-dot (pooled R2=0.41, physics_shift R2=0.42, floor 0.6): even window-scale acceleration is not recoverable from the observation. A render/window-fidelity change is justified (NOT performed in this task). Detector table NOT interpreted."
    ]
  }
}